id,status,name,type,category,neighbourhood,city,address,lat,lng,source_url,evidence,open_time,close_time,can_eat,has_family_room,has_nursing_room,kid_friendly,nap_friendly,stroller_accessible,proposed_at,decided_at,decided_by
ce6ceca5d9334bdba6b152dfaa832e71,pending,Roundhouse Community Center,activity,activity,Central Vancouver,Vancouver,"181 Roundhouse Mews, Vancouver, BC V6Z 2W3, Canada",49.273437799999996,-123.12171599999999,https://www.facebook.com/groups/778886723163363/posts/1032903407761692,"Roundhouse Community Center offers classes and playgyms, while Science World and seawall walks are also popular activities.",,,,,,,,,2026-08-28T04:55:52.442863+00:00,,
fb548d1a6cbb47ada7ed8a93f65a7d5c,pending,Little Nest,cafe,food,Grandview-Woodland,Vancouver,"1717 Charles St, Vancouver, BC V5L 2T6, Canada",49.272874699999996,-123.0692437,https://www.cascadiakids.com/family-friendly-vancouver-restaurants,"Little Nest Cafe serves honest breakfasts and lunches to parents tired of lame-o kid meals and half-effort adult dishes. Fresh West Coast fare, super-cool décor and a kids’ play area filled with retro toys.",,,,,,,,,2026-08-28T04:55:52.442863+00:00,,
79288ebdc30549f795838db6f6cbd2d9,pending,PlayScape Café,cafe,food,Riley Park–Little Mountain,Vancouver,"4892 Main St, Vancouver, BC V5V 3R8, Canada",49.2407893,-123.1012491,https://www.cascadiakids.com/family-friendly-vancouver-restaurants,"Designed for little ones 5 and younger and their families, café with a by-admission indoor play.",,,,,,,,,2026-08-28T04:55:52.442863+00:00,,
bee53aa4b64e4904a1735884ea29772c,pending,Sushi Aboard,restaurant,food,Central Vancouver,Vancouver,"1047 Denman St, Vancouver, BC V6G 2M4, Canada",49.288977499999994,-123.1395655,https://www.cascadiakids.com/family-friendly-vancouver-restaurants,"Order from a screen, and a mini train zooms your sushi to the table.",,,,,,,,,2026-08-28T04:55:52.442863+00:00,,
dc7b31f055644acda7d4b648cc576ab3,pending,Maplewood Farm,farm,activity,,North Vancouver,"405 Seymour River Pl, North Vancouver, BC V7H 1S6, Canada",49.309009499999995,-123.0186203,https://diapersinparadise.com/top-ten-with-toddler-vancouver,toddler girl staring at goat at maplewood farm vanouver,,,,,,,,,2026-08-28T04:55:52.442863+00:00,,
e9068c23a1864a758740994601aad14c,pending,Earnest Ice Cream,cafe,food,East Vancouver,Vancouver,"1829 Quebec St, Vancouver, BC V5T 2Z3, Canada",49.268808199999995,-123.10293339999998,https://diapersinparadise.com/top-ten-with-toddler-vancouver,it's a local favorite and I absolutely love their unique flavors!,,,,,,,,,2026-08-28T04:55:52.442863+00:00,,
f7a3970688a94e118f39bfe336ee0e8c,pending,Treetop Adventures,activity,activity,,North Vancouver,"3735 Capilano Rd, North Vancouver, BC V7R 4J1, Canada",49.3436466,-123.11668809999998,https://diapersinparadise.com/top-ten-with-toddler-vancouver,Treetops Adventure teaches kids about nature.,,,,,,,,,2026-08-28T04:55:52.442863+00:00,,
f82d6927949141d79c9bcd881ab33393,pending,Granville Island,activity,activity,,Vancouver,"Granville Island, Vancouver, BC, Canada",49.271156700000006,-123.13399310000001,https://diapersinparadise.com/top-ten-with-toddler-vancouver,"Recommended activities include Science World, Granville Island, and Lynn Canyon Suspension Bridge.",,,,,,,,,2026-08-28T04:55:52.442863+00:00,,
4ac20980284f4ef8bcadf85a56d556a6,pending,Vancouver Public Library,activity,activity,Central Vancouver,Vancouver,"350 W Georgia St, Vancouver, BC V6B 6B1, Canada",49.2797275,-123.1156217,https://pdx.eater.com/maps/best-kid-friendly-restaurants-vancouver-washington,"The family-friendly suburb of Vancouver, Washington, offers many places for kids to dine or grab a quick bite with their adult chaperones between trips to Urban Air Adventure Park, Vancouver Public Library’s excellent kids play and read area, Fort Vancouver, or Dizzy Castle.",,,,,,,,,2026-08-28T04:55:52.442863+00:00,,
